{"site":{"dollar":{"price_d":3.891999999999999904076730672386474907398223876953125,"price_c":3.8719999999999998863131622783839702606201171875,"price_v":3.9519999999999999573674358543939888477325439453125},"Face-to-face":{"price_sunat_c":3.910000000000000142108547152020037174224853515625,"price_sunat_v":3.914000000000000145661260830820538103580474853515625,"price_paralelo_c":3.883999999999999896971303314785473048686981201171875,"price_paralelo_v":3.91199999999999992184029906638897955417633056640625},"online-Change":{"price_wester_union_c":3.883999999999999896971303314785473048686981201171875,"price_wester_union_v":3.914000000000000145661260830820538103580474853515625,"price_cambia_fx_c":3.890000000000000124344978758017532527446746826171875,"price_cambia_fx_v":3.90899999999999980815346134477294981479644775390625,"price_cambio_seguro_c":3.880999999999999783284465593169443309307098388671875,"price_cambio_seguro_v":3.911000000000000031974423109204508364200592041015625,"price_cambio_inka_c":3.883999999999999896971303314785473048686981201171875,"price_cambio_inka_v":3.90899999999999980815346134477294981479644775390625,"price_dollar_house_c":3.8910000000000000142108547152020037174224853515625,"price_dollar_house_v":3.90200000000000013500311979441903531551361083984375,"price_a_como_c":3.890000000000000124344978758017532527446746826171875,"price_a_como_v":3.903000000000000024868995751603506505489349365234375,"price_cambix_c":3.87300000000000022026824808563105762004852294921875,"price_cambix_v":3.9169999999999998152588887023739516735076904296875,"price_tu_cambista_c":3.89299999999999979394260662957094609737396240234375,"price_tu_cambista_v":3.906000000000000138555833473219536244869232177734375,"price_t_kambio_c":3.895000000000000017763568394002504646778106689453125,"price_t_kambio_v":3.911000000000000031974423109204508364200592041015625},"Interbank":{"price_bcp_c":3.8010000000000001563194018672220408916473388671875,"price_bcp_v":3.955999999999999960920149533194489777088165283203125,"price_interbank_c":3.867999999999999882760448599583469331264495849609375,"price_interbank_v":3.9169999999999998152588887023739516735076904296875,"price_bbva_c":3.830999999999999960920149533194489777088165283203125,"price_bbva_v":3.9519999999999999573674358543939888477325439453125,"price_scotiabank_c":3.778000000000000024868995751603506505489349365234375,"price_scotiabank_v":4.01400000000000023447910280083306133747100830078125,"price_nacion_c":3.8620000000000000994759830064140260219573974609375,"price_nacion_v":3.951000000000000067501559897209517657756805419921875}}}
